iter	Logloss
0	0.4742974686
1	0.4529711813
2	0.4481167327
